version,code churn,post release bug defect density (per KLOC),
v1.3.2,1,0.2035278155,
v1.4,0.1720800047,0.2332497522,
v2.0,0.7923850875,1.419446416,
v2.4,0.2012975503,0.2836175417,
v2.5,0.1124724259,0.9539140285,
,,,
,,,
,,Pearson Correlation (R-value),0.1378
,,Spearman Correlation (rs),-0.3
,,Spearman Correlation (p),0.62384